Subreddit,Title,Description,Subscribers,Created UTC,Creation Year,Latest Post Date
FridaysForFuture,Fridays for Future,A sub dedicated to the international movement of students who skip class on Fridays to demand action to prevent climate change.,4255,25/01/2019,2019,2023-11-23
ExtinctionRebellion,Extinction Rebellion,"This is our darkest hour.

Humanity finds itself embroiled in an event unprecedented in its history, one which, unless immediately addressed, will catapult us further into the destruction of all we hold dear: our nations, its peoples, our ecosystems and the future of generations to come.

The science is clear: we are in the midst of the sixth mass extinction event on planet Earth and we will face catastrophe if we do not act swiftly and robustly.",25594,29/10/2018,2018,2023-11-23
SunriseMovement,Sunrise is a movement to stop climate change and create millions of good jobs in the process.,"Sunrise is a movement to stop climate change and create millions of good jobs in the process. We're building an army of young people to make climate change an urgent priority across America, end the corrupting influence of fossil fuel executives on our politics, and elect leaders who stand up for the health and well-being of all people.",3038,06/12/2018,2018,2023-11-02
350org,A,,1,05/12/2015,2015,
greenpeace,Greenpeace,"Our mission: Greenpeace is a global, independent campaigning organization that uses peaceful protest and creative communication to expose global environmental problems and promote solutions that are essential to a green and peaceful future.",800,22/07/2008,2008,2023-11-20
WWF,The World Wildlife Fund,,532,10/05/2011,2011,2023-09-18
ClimateNews,ClimateNews,A sub dedicated to news about climate change.,2421,24/11/2015,2015,2023-11-23
climatepolicy,Discussion of what can and should be done about climate,Proposed climate policies range from common sense to the absurd.  This subreddit is about discussing all sorts of climate related policies and the effectiveness of each.,1560,23/09/2015,2015,2023-11-23
climateskeptics,Climate Skeptics: Trying to see through the alarmism,Questioning climate related environmentalism.,42925,16/07/2008,2008,2023-11-23
climatechange,A place for a rational discussion on a divisive topic.,"This is a place for the rational discussion of the science of climate change. If you want to post about politics or climate policy, try /r/ClimateNews or /r/climatepolicy.",83626,26/10/2009,2009,2023-11-23
ClimateSolvers,solving climate change: solutions focused discussion and submissions ONLY,This is a subreddit for concerned people interested in fighting climate change by means other than reading and sharing news articles. Discussion that connect dots leading to meaningful and implemented solutions is our goal. We are optimistic about the capability of ordinary citizens to make meaningful changes in communities of all sizes. Please come and join us!,114,25/04/2019,2019,2022-06-29
climatedisalarm,climatedisalarm,"Reality vs Climate Change Alarmism and Junk Science |Propaganda, Woke “Paradise” and Great Reset “Utopia”




",1847,17/01/2021,2021,2023-05-02
climatedebate,Climate Debate on reddit,"A subreddit for both climate change skeptics and non-skeptics to discuss to what degree global warming is taking place, and to what degree humans are causing it. UPDATE: After a long period of inactivity, we are upgrading this place to also advocate for climate debates at every level and in various formats.",62,28/05/2012,2012,2020-12-11
ClimateChangeDenial,Information about the denial of man-made climate change,,198,03/04/2015,2015,2021-11-14
ClimateActionPlan,Climate Action Plan,"An action-oriented subreddit highlighting the active measures being taken to combat/mitigate and or adapt to climate change. Topics include but are not limited to: emissions reduction activities, carbon capture technology, research and development. renewable and nuclear power plants coming online,  fossil plants being demolished, laws being passed, and any other actions that are currently happening to preserve our livable climate.",88594,19/08/2018,2018,2023-11-23
ClimateOffensive,Fight back for the world's climate and ecosystems ,"We're here to do something about climate change. We're not here to talk about why it's happening, how bad it is, or who to blame. We're here to brainstorm, organize, and act. Use this space to find resources, connect with others, and learn more about how you can make a difference. Join us for our sub-wide campaigns as we leverage the platform of Reddit to do some good for the climate.",69343,29/10/2018,2018,2023-11-23
Green,Green,"This subreddit is for issues relating to Green issues, including (but not limited to) Green Politics.

[The Four Pillars](https://en.wikipedia.org/wiki/Four_Pillars_of_the_Green_Party):

Ecological Wisdom

Social Justice

Grassroots Democracy

Nonviolence",39542,25/01/2008,2008,2023-11-22
ecologie,Écologie,"Le subreddit de tout écologie: écologie scientifique, urbanisme écologique, environnement, politique écologique, écologie humaine, activisme écologique, etc..",55793,08/05/2018,2018,2023-11-23
ClimatQuebec,ClimatQuebec,parti politique,36,15/05/2021,2021,2021-06-03
climate_interest,Climate_Interest,"An efficient list of climate health strategy articles. Topics could include investments, natural resources to mitigate climate change, and innovations.",19,23/09/2023,2023,2023-11-20
climatedenial_archive,climatedenial_archive,Documenting climate woo since 2022. Let's find the networks of climate disinfo.,31,31/07/2022,2022,2022-08-06
climatepolicy,Discussion of what can and should be done about climate,Proposed climate policies range from common sense to the absurd.  This subreddit is about discussing all sorts of climate related policies and the effectiveness of each.,1560,23/09/2015,2015,2023-11-23
climatejustice,Climate Justice,News and discussion from the climate justice movement.,1712,22/09/2014,2014,2023-11-13
Climate_apocalypse,Climate apocalypse: what's really happening?,A Subreddit dedicated to discussing how climatologists have actually UNDERESTIMATED the devastating effects of man-made climate change,396,02/05/2017,2017,2023-10-06
climatedisalarm,climatedisalarm,"Reality vs Climate Change Alarmism and Junk Science |Propaganda, Woke “Paradise” and Great Reset “Utopia”




",1847,17/01/2021,2021,2023-05-02
climatesolutions,Fighting Global Warming,I'd like this sub to be an exploration of strategies for changing the world to prevent dangerous global warming.,1783,26/02/2015,2015,2023-10-14
climate_change,climate_change,A subreddit for rational discussion on climate change.,604,24/08/2009,2009,
climatedenial_archive,climatedenial_archive,Documenting climate woo since 2022. Let's find the networks of climate disinfo.,31,31/07/2022,2022,2022-08-06
climatepolicy,Discussion of what can and should be done about climate,Proposed climate policies range from common sense to the absurd.  This subreddit is about discussing all sorts of climate related policies and the effectiveness of each.,1560,23/09/2015,2015,2023-11-23
climatejustice,Climate Justice,News and discussion from the climate justice movement.,1712,22/09/2014,2014,2023-11-13
Climate_apocalypse,Climate apocalypse: what's really happening?,A Subreddit dedicated to discussing how climatologists have actually UNDERESTIMATED the devastating effects of man-made climate change,396,02/05/2017,2017,2023-10-06
climatedisalarm,climatedisalarm,"Reality vs Climate Change Alarmism and Junk Science |Propaganda, Woke “Paradise” and Great Reset “Utopia”




",1847,17/01/2021,2021,2023-05-02
climatesolutions,Fighting Global Warming,I'd like this sub to be an exploration of strategies for changing the world to prevent dangerous global warming.,1783,26/02/2015,2015,2023-10-14
climate_change,climate_change,A subreddit for rational discussion on climate change.,604,24/08/2009,2009,
ClimateAndCovid19,"Climate and COVID-19 Pandemic.  Profound, lasting effect of infectious diseases, on human activity.","Scientific observation, vigorous debate healthy. Intolerance, not.
Covid 19 unprecedented opportunity for realistic assessment.
Drastic economic changes, rightfully diverts money from renewable energy, to disease research and public assistance.
Permanent fossil fuel demand destruction, infectious disease hysteria, a game changer.
Nat Geo, NASA links removed from many climate subs.
Consensus is the enemy of truth.
If Darwin were alive now, his Origin of Species would probably be banned on Reddit.",85,23/07/2020,2020,2023-08-02
ClimateCO,A community for approaching and understanding Colorado's changing climate ,"News/reports, studies, discussion and resources on climate change and its impacts within Colorado.",2273,12/10/2021,2021,2023-11-21
climate_discussion,A place to discuss our future,"/r/Climate_Discussion is a subreddit having an ongoing discussion about climate change, our response to it, and most importantly, actions we can take to make our future sustainable and habitable for everyone on the planet.",1639,05/10/2016,2016,2023-11-15
ClimateCrisisCanada,Climate Crisis in Canada,The home for discussion about the climate crisis and environmental destruction as it affects Canada,3886,03/05/2019,2019,2023-11-22
Climate_Nuremberg,Climate_Nuremberg,"This subreddit was founded with one simple goal. To document cases of egregious climate criminality. 

Have you seen a politician, executive, media personality or other person in a position of power and influence deny climate change, block progress towards the energy transition, obfuscate climate debate, spread misinformation about climate change or lobby for fossil fuel interests? If so they are guilty of climate crimes.
 
Document evidence of their criminality here. 

Trials begin in 2035.",2465,07/01/2020,2020,2023-11-18
ClimateShitposting,ClimateShitposting,"Not so serious, partly cynical shitposting about climate change, energy and the ecosystem implosion

like r/collapse but actually having a fun time see: https://www.reddit.com/r/ClimateShitposting/comments/zgzk51/too_doomer_hap

also here https://twitter.com/ShitpostClimate?s=09
https://www.instagram.com/climateshitpost/

good subs to follow on more doomerism, climate and energy:

r/anticonsumption
r/climatememes
r/fuckcars
r/collapse
r/RenewableEnergy
r/uninsurable
r/BigEnergy
r/vegancirclejerk",10718,23/06/2021,2021,2023-11-22
Ecologisme,Ecologie Radicale,"Espace pour discuter, s'informer, et réfléchir aux multiples enjeux de l'écologie, dans une perspective radicale.

L'urgence est réelle, les petites actions ne suffisent plus pour sauver la biodiversité et nos écosystèmes. Il faut un changement drastique de nos modes de vie et viser la décroissance.",938,26/04/2022,2022,2023-11-23
climate_science,Climate Change Science and News,Climate science,20149,20/02/2015,2015,2023-06-21
ClimatePreparation,ClimatePreparation,"Preparing for the issues that accompany climate change.

This sub is for discussion on how to best deal with these dangers. 

Read the rules before posting/commenting.",591,16/01/2020,2020,2022-12-30
climateconsequences,Documenting the consequences of global warming,This space is a record of the present consequences of human driven climate change and global warming occurring now.,128,26/02/2015,2015,2018-02-13
ClimatePics,Pictures of Our Warming World,"Pictures and animations relating to climate change.

Extreme weather events now occur in the context of a warming planet, so there's a higher probability that any extreme weather event is partially  or wholly attributable to anthropogenic climate change.",244,06/10/2013,2013,2023-07-12
climatechangememes,climatechangememes,Memes about the realities of climate change (spoiler alert: it's happening REAL quick),235,09/03/2019,2019,2023-07-22
ClimateChangeWar,ClimateChangeWar,"We are close to the point of no return, this is a war against climate change. This sub is for people who want to make a positive impact against this crisis.",237,29/08/2019,2019,2023-09-19
ClimateChangeDenial,Information about the denial of man-made climate change,,198,03/04/2015,2015,2021-11-14
climatechangefacts,No BS - Only real science from people with at least a B.S..  ,If it is not scientifically peer-reviewed don't post it here. ,319,23/08/2015,2015,2022-06-05
ClimateChangeSurprise,reports of the side effects of global warming that involve more than weather,"Airports closed by heat, Arctic seed vaults flooding with melt water, oak trees cracking in a polar vortex, earthquakes increasing from water redistribution, methane explosions in the permafrost-- the unpredictable consequences of global climate decay are on the rise.

Meanwhile science is announing the ""faster-sooner-more than expected"" drumbeat rate of change. 

This subreddit is about the unforeseen, suddenly seen in climate change. It exists to chronicle and discuss what no one saw coming.",328,22/11/2017,2017,2023-08-22
ClimateStabilization,collaborative platform for the development of solutions for stalling and reversing climate change,"Collaborate platform for scientists and engineers from all disciplines to brainstorm, from theory to practice, the design of testable prototypes for potentially implementable, open-source, global-scale solutions focused on stalling and reversing climate change.",384,16/08/2016,2016,2019-11-21
climateaction,Fight Climate Change | Protect Our Future,"A community giving advice, providing support, and working together to advance the climate movement.",331,26/02/2015,2015,2023-11-13
climatetech,climatetech: tech to stop climate change,Technologies to stop Climate Change,444,01/05/2016,2016,2023-11-10
ClimateRealityProject,ClimateRealityProject,Our mission is to catalyze a global solution to the climate crisis by making urgent action a necessity across every level of society.,622,03/05/2019,2019,2022-11-24
climategate,Climate change and fraud,,161,29/11/2009,2009,2016-07-06
ClimateFight,All the ways YOU can fight climate change.,"A collection of articles and how individuals can change their own lives to help fight climate change.

If one person does it, they're crazy. If fifty people do it, it's an organization. If  thousands do it, it's a movement.

If it's a movement, towns will do it. If towns do it, states will do it. If states will do it, corporations will do it. If corporations will do it, governments will do it.

The world can do it. It starts with YOU. Share this page. Share the ideas. Start the movement.",159,24/10/2018,2018,2023-10-06
ClimateSolvers,solving climate change: solutions focused discussion and submissions ONLY,This is a subreddit for concerned people interested in fighting climate change by means other than reading and sharing news articles. Discussion that connect dots leading to meaningful and implemented solutions is our goal. We are optimistic about the capability of ordinary citizens to make meaningful changes in communities of all sizes. Please come and join us!,114,25/04/2019,2019,2022-06-29
climatedebate,Climate Debate on reddit,"A subreddit for both climate change skeptics and non-skeptics to discuss to what degree global warming is taking place, and to what degree humans are causing it. UPDATE: After a long period of inactivity, we are upgrading this place to also advocate for climate debates at every level and in various formats.",62,28/05/2012,2012,2020-12-11
ClimateChangeSolution,Climate Change Solutions,"Climate Change Solutions is a place to discuss potential solutions to climate change, activism and projects related to slowing down or reversing climate change where possible.",130,24/01/2020,2020,2021-12-04
climatestrike,climatestrike,All about the international #ClimateStrike,158,17/02/2019,2019,2021-09-23
climateconscious,climateconscious,Building a collective vision for a better tomorrow,79,25/12/2020,2020,2023-01-19
ClimateAdaptation,Climate Adaptation,"The subreddit for all things Climate Adaptation, around the world.",167,14/09/2017,2017,2023-10-07
climateoptimism,climateoptimism,A place to share optimistic science and technology that fights against climate change,76,30/01/2020,2020,2023-09-05
CLIMATECHANGENOW,Climatechangenow: news of current climate changes ,This is a subreddit for people in areas that are seeing the effects of climate change today.,86,05/09/2014,2014,2021-11-11
